KEY,English,Russian,TAG
achievementCatLevel,Coach,Тренер,Achievements
achievementCatLevelBonus,Super characters come into the game {0}% faster,Супер смешарики в игре появляются на {0}% быстрее,Achievements
achievementCatLevelGet,Upgrade your super character to level {0},"Улучши супер смешарика
до {0} уровня",Achievements
achievementCombo,Virtuoso,Виртуоз,Achievements
achievementComboBonus,Characters joined to chain can be placed {0}% further ,Смешарики в цепочке могут быть на {0}% дальше,Achievements
achievementComboGet,Build a chain of {0} or more characters,Объедини в цепочку {0} или больше смешариков,Achievements
achievementGetGameSessions,Hard worker,Трудяга,Achievements
achievementGetGameSessionsBonus,Disco mode runs {0}% faster,"Диско запускается
на {0}% быстрее",Achievements
achievementGetGameSessionsGet,Play {0} times,Сыграй {0} раз,Achievements
achievementGetSuperCats,Collector,Коллекционер,Achievements
achievementGetSuperCatsBonus,Super character's candy price is {0}% less,Супер смешарики просят на {0}% меньше конфет,Achievements
achievementGetSuperCatsGet,Complete collection of {0} super characters,"Собери коллекцию
из {0} супер смешариков",Achievements
achievementGoldfishes,Moneybag,Толстосум,Achievements
achievementGoldfishesBonus,League levelup gives {0} extra seconds,Награда за повышение лиги больше на {0} [секунд|секунду|секунды],Achievements
achievementGoldfishesGet,Save up {0} candies,Накопи {0} конфет,Achievements
achievementInviteFriends,True friend,Настоящий друг,Achievements
achievementInviteFriendsBonus,Candy frequency is {0}% higher,"Конфеты выпадают
на {0}% чаще",Achievements
achievementInviteFriendsGet,Invite {0} friends to join the game,Пригласи {0} [друзей|друга|друзей] в игру,Achievements
achievementLeague,Hero,"Герой
",Achievements
achievementLeagueBonus,Disco mode is {0} seconds longer,"Диско длится на
{0} [секунд|секунду|секунды] дольше",Achievements
achievementLeagueGet,Enter Legendary league,Войди в Легендарную лигу,Achievements
achievementLevel,Guru,Гуру,Achievements
achievementLevelBonus,Multipliers frequency is {0}% higher,"Множители выпадают
на {0}% чаще",Achievements
achievementLevelGet,Achieve level {0},Достигни {0} уровня,Achievements
achievementTournamentWonFriends,Winner,Победитель,Achievements
achievementTournamentWonFriendsBonus,Super characters get {0}% more experience,"Супер смешарики получают
на {0}% больше опыта",Achievements
achievementTournamentWonFriendsGet,Beat {0} friends in a Tournament,Победи {0} [друзей|друга|друзей] в Турнире,Achievements
achievementUseSausages,Gourmet,Гурман,Achievements
achievementUseSausagesBonus,Free carrot becomes available {0} hours earlier,"Морковка появляется
на {0} [часов|час|часа] раньше",Achievements
achievementUseSausagesGet,Use {0} carrots,Используй {0} морковок,Achievements
howToGet,HOW TO GET,КАК ПОЛУЧИТЬ,Achievements
newMedal,"NEW MEDAL
",НОВАЯ МЕДАЛЬ,Achievements
boosterbox,BOOSTER BOX,КОРОБКА БОНУСОВ,Boosts
boostsDescription,Use boosters to improve your game results!,"Возьми в игру бонусы, чтобы улучшить свои результаты!",Boosts
choiseBoosts,CHOOSE BOOSTERS,ВЫБЕРИ БОНУСЫ,Boosts
left,LEFT: {0},ОСТАЛОСЬ: {0},Boosts
remove,"LEAVE
",УБРАТЬ,Boosts
take,TAKE,ВЗЯТЬ,Boosts
tutorialBoostExperience,This booster increases super characters' experience two times,"Этот бонус увеличивает в 2 раза опыт, получаемый супер смешариками",Boosts
tutorialBoostFirework,This booster gives you a Colorful petard in the beginning of the game,Этот бонус дает Цветную петарду с самого начала игры,Boosts
tutorialBoostMultiplier,This booster gives you a character with x2 multiplier in the beginning of the game,Этот бонус дает смешарика с множителем с самого начала игры,Boosts
tutorialBoostTime,This booster adds 10 seconds to your timer,Этот бонус прибавляет 10 секунд к таймеру,Boosts
unlockBoostExperience,Double experience booster unlocked,Открыт бонус Двойной опыт,Boosts
unlockBoostFirework,Petard booster unlocked,Открыт бонус Петарда,Boosts
unlockBoostMultiplier,Multiplier booster unlocked,Открыт бонус Множитель,Boosts
unlockBoostTime,Time booster unlocked,Открыт бонус Время,Boosts
nameCatBoom,Rosa,Нюша,Cats
nameCatCap,Krash,Крош,Cats
nameCatDisco,Berry,Копатыч,Cats
nameCatFlint,,,Cats
nameCatJoker,Pin,Пин,Cats
nameCatKing,Dokko,Лосяш,Cats
nameCatLady,Wally,Бараш,Cats
nameCatLoki,Pandy,Панди,Cats
nameCatMage,Olga,Совунья,Cats
nameCatSanta,,,Cats
nameCatSnow,Chiko,Ежик,Cats
nameCatZen,Carlin,Карыч,Cats
powerCatBoom,Releases characters within {0} radius around herself,Разгоняет смешариков в радиусе {0} вокруг себя,Cats
powerCatCap,Sweeps characters away on his way. Character's size is {0},Сметает смешариков на своем пути. Размер смешарика {0},Cats
powerCatDisco,Starts Disco mode for {0} seconds immediately,Запускает Диско режим на {0} [секунд|секунду|секунды],Cats
powerCatFlint,Collects {0} candies,Собирает {0} [конфет|конфету|конфеты],Cats
powerCatJoker,Can join any chain and gives {0} bonus points,Может стать частью любой цепочки и дает бонус {0} очков,Cats
powerCatKing,Gives {0} candies to characters,Раздает смешарикам {0} [конфет|конфету|конфеты],Cats
powerCatLady,Draws {0} characters of his clother's color to him,Притягивает {0} [смешариков|смешарика|смешариков] цвета своей одежды,Cats
powerCatLoki,Casts petards,Разбрасывает пeтарды,Cats
powerCatMage,Turns {0} characters into characters of fan's color,Меняет цвет {0} соседних [смешариков|смешарика|смешариков] на текущий цвет веера,Cats
powerCatSanta,Applies ability of another random super character,Использует способность другого случайного супер смешарика,Cats
powerCatSnow,Freezes the timer for {0} seconds,Замораживает таймер на {0} [секунд|секунду|секунды],Cats
powerCatZen,Gives additional {0} seconds,Добавляет {0} [секунд|секунду|секунды],Cats
championshipError,"Sorry, the Championship is
temporarily unavailable","Извини, но Чемпионат
временно недоступен",Championship
league,LEAGUE,ЛИГА,Championship
leagueAim,Score {0} points for promotion,Для повышения набери {0},Championship
leagueBoiling,BOILING,БУРЛЯЩАЯ,Championship
leagueDiamond,DIAMOND,АЛМАЗНАЯ,Championship
leagueEmerald,EMERALD,ИЗУМРУДНАЯ,Championship
leagueFlame,FLAME,ОГНЕННАЯ,Championship
leagueGold,GOLD,ЗОЛОТАЯ,Championship
leagueGreen,GREEN,ЗЕЛЕНАЯ,Championship
leagueLegendary,LEGENDARY,ЛЕГЕНДАРНАЯ,Championship
leagueLegendaryDescription,Best of the best!,Лучшие из лучших!,Championship
leagueRuby,RUBY,РУБИНОВАЯ,Championship
leagueSapphire,SAPPHIRE,САПФИРОВАЯ,Championship
leagueWhite,WHITE,БЕЛАЯ,Championship
player,Player,Игрок,Championship
reward,REWARD,НАГРАДА,Championship
timerReward,"{0} sec
to timer","{0} сек
к таймеру",Championship
maximum,maximum,максимальный,Collection
bonus,BONUS,БОНУС,Facebook
challengeFriendMessage,Try to beat my score of {0} points,Попробуй-ка побить мой рекорд {0},Facebook
challengeFriendTitle,You have challenged a friend!,Вызов брошен!,Facebook
gameName,SUPER KIKORIKI,Супер смешарики,Facebook
inviteFriendMessage,This game is awesome! Give it a try and play with me!,"Отличная игра! Присоединяйся, будем играть вместе!",Facebook
inviteFriends,INVITE FRIENDS,ПОЗВАТЬ ДРУЗЕЙ,Facebook
inviteFriendTitle,Invitation to SUPER KIKORIKI,Приглашение в игру Супер смешарики,Facebook
newCatDescription,Now I have {0} of {1} super characters! My collection will be complete soon!,Теперь у меня {0} из {1} супер смешариков и уже скоро я соберу всю коллекцию!,Facebook
newCatDescriptionFull,I have a full collection of super characters!,Я собрал всю коллекцию супер смешариков!,Facebook
newCatTitle,{0} has been caught!,{0} пойман!,Facebook
shareBeatMeFemale,I set a new high score - {0} points - try to beat me! This game is awesome!,Я установила новый рекорд! {0} очков - попробуй обойти! Игра отличная!,Facebook
shareBeatMeMale,I set a new high score - {0} points - try to beat me! This game is awesome!,Я установил новый рекорд! {0} очков - попробуй обойти! Игра отличная!,Facebook
shareBeatMeUnknown,I set a new high score - {0} points - try to beat me! This game is awesome!,Установлен новый рекорд! {0} очков - попробуй обойти! Игра отличная!,Facebook
shareLeagueUp,LEAGUE PROMOTION,ПОВЫШЕНИЕ В ЛИГЕ,Facebook
shareLeagueUpDescription,{0} achieved! Try to climb even higher!,"{0} достигнута! Попробуй-ка, поднимись так высоко!",Facebook
shareTournament,"BRILLIANT VICTORY
",ЯРКАЯ ПОБЕДА,Facebook
shareTournamentDescriptionFemale,I have beaten {0} friends in today's tournament! Join us!,Я обошла {0} [друзей|друга|друзей] в сегодняшнем турнире! Присоединяйтесь!,Facebook
shareTournamentDescriptionMale,I have beaten {0} friends in today's tournament! Join us!,Я обошел {0} [друзей|друга|друзей] в сегодняшнем турнире! Присоединяйтесь!,Facebook
shareTournamentDescriptionUnknown,I have beaten {0} friends in today's tournament! Join us!,Я обошел {0} [друзей|друга|друзей] в сегодняшнем турнире! Присоединяйтесь!,Facebook
beforeGameCat,GO!,ВПЕРЕД!,Game
beforeGameReady,READY,НА СТАРТ,Game
beforeGameSet,STEADY,ВНИМАНИЕ,Game
comboLoopX,{0}x LOOP,{0}x ПЕТЛЯ,Game
comboX,{0}x CHAIN,{0}x ЦЕПОЧКА,Game
fever,DISCO,ДИСКО,Game
timeIsUp,TIME UP,"ВРЕМЯ
ВЫШЛО",Game
nextCatbox,Next kikoriki bag is on level {0},"Следующая сумка
на {0} уровне",Level Up
checkConnection,Searching for candies...,Ищем конфеты...,Loading
loadLocal,Waking the characters up...,Будим смешариков...,Loading
loginFacebook,Peeling the carrot...,Чистим морковку...,Loading
loginParse,Training super abilities...,Тренеруем суперспособности...,Loading
daysShort,d,д,Lucky Wheel
hoursShort,h,ч,Lucky Wheel
luckyWheelCaps,"LUCKY
WHEEL","КОЛЕСО
УДАЧИ",Lucky Wheel
minutesShort,m,м,Lucky Wheel
nextFreeSpinIsIn,Next free carrot is in,Бесплатная морковка через,Lucky Wheel
noConnection,To start the wheel connect your device to Internet,"Чтобы запустить колесо, подключите к интернету свое устройство",Lucky Wheel
sausage,CARROT,МОРКОВКА,Lucky Wheel
sausages,CARROTS,МОРКОВКИ,Lucky Wheel
secondsShort,s,с,Lucky Wheel
timeIncorrect,"To start the wheel set exact time on your device
","Чтобы запустить колесо, установите точное время на своем устройстве",Lucky Wheel
yourPrize,Your Prize!,Твой приз!,Lucky Wheel
championship,Championship,Чемпионат,Main Menu
fbLoginToChalangeFriends,"Log into Facebook
to challenge your friends!","Подключи Facebook, чтобы
соревноваться с друзьями!",Main Menu
getBonus,On first login you'll get,Получи бонус,Main Menu
login,LOGIN,ВОЙТИ,Main Menu
play,PLAY,ИГРАТЬ,Main Menu
shop,SHOP,МАГАЗИН,Main Menu
tournament,Tournament,Турнир,Main Menu
aquariumSmall,{0} candies,{0} конфет,Missions
congratulations,CONGRATULATIONS!,ПОЗДРАВЛЯЕМ!,Missions
get,GET,ПОЛУЧИТЬ,Missions
level,LEVEL {0},{0} УРОВЕНЬ,Missions
maxLevel,"Congratulations!
The highest level
has been achieved!","Поздравляем!
Достигнут высший уровень!",Missions
missionChainLength,Build a chain of {0} or more characters,Объедини в цепочку {0} или больше смешариков,Missions
missionChainSequence,Build a chain of 6 or more characters {0} times sequentially,Объедини в цепочку 6 и более смешариков {0} [раз|раз|раза] подряд,Missions
missionGameSessions,Play {0} times,Сыграй {0} [раз|раз|раза],Missions
missionGetCats,Release {0} characters,Разгони {0} [смешариков|смешарика|смешарика],Missions
missionGetCatsAtOneGame,Release {0} characters during a play,Разгони {0} [смешариков|смешарика|смешарика] за игру,Missions
missionGetFever,Run Disco mode {0} times,Запусти Диско режим {0} [раз|раз|раза],Missions
missionGetFeverAtOneGame,Run Disco mode {0} times during a play,Запусти Диско режим {0} [раз|раз|раза] за игру,Missions
missionGetGoldfishes,Collect {0} candies,Собери {0} [конфет|конфету|конфеты],Missions
missionGetGoldfishesAtOneGame,Collect {0} candies during a play,Собери {0} [конфет|конфету|конфеты] за игру,Missions
missionGetLoops,Build a chain-loop {0} times,Сделай цепочку-петлю {0} [раз|раз|раза],Missions
missionGetLoopsAtOneGame,Build a chain-loop {0} times during a play,Сделай цепочку-петлю {0} [раз|раз|раза] за игру,Missions
missionGetMultiplier,Get x{0} multiplier,Набери множитель x{0},Missions
missionGetScore,Score {0} points,Набери {0} очков,Missions
missionGetScoreWithoutGinger,Score {0} points without building ginger chains,"Набери {0} очков, не делая рыжих цепочек",Missions
missionGetScoreWithoutLime,Score {0} points without building pink chains,"Набери {0} очков, не делая розовых цепочек",Missions
missionGetScoreWithoutMultipliers,Score {0} points without multiplier usage,"Набери {0} очков, не используя множители",Missions
missionInviteFriends,Invite {0} friends to join the game,Пригласи {0} [друзей|друга|друзей] в игру,Missions
missionInviteFriendsLogout,"Connect to Facebook using the ""Login"" button and invite {0} friends into the game","Подключи Facebook, нажав на кнопку ""Войти"", и пригласи {0} [друзей|друга|друзей] в игру",Missions
missionLevelUpCat,Upgrade your super character to level {0},Прокачай супер смешарика до {0} уровня,Missions
missionLoopLength,Build a chain-loop of {0} or more characters,Объедини в цепочку-петлю {0} или больше смешариков,Missions
missionUseBoost,Use a booster {0} times,Воспользуйся бонусом {0} [раз|раз|раза],Missions
missionUseCats,Use your super characters {0} times,Используй своих супер смешариков {0} [раз|раз|раза],Missions
missionUseCatsAtOneGame,Use your super characters {0} times during a play,Используй своих супер смешариков {0} [раз|раз|раза] за игру,Missions
missionUseFireworkBoomBig,Detonate {0} Big petards,Взорви {0} [Больших петард|Большую петарду|Большие петарды],Missions
missionUseFireworkBoomSmall,Detonate {0} Small petards,Взорви {0} [Небольших петард|Небольшую петарду|Небольшие петарды],Missions
missionUseFireworkColor,Detonate {0} Colourful petards,Взорви {0} [Цветных петард|Цветную петарду|Цветные петарды],Missions
missionUseFireworkRocket,Detonate {0} Rockets,Взорви {0} [Ракет|Ракету|Ракеты],Missions
missionUseFireworksAtOneGame,Detonate {0} petards during a play,Взорви {0} [любых петард|любую петарду|любые петарды] за игру,Missions
missionUseSausage,Run Lucky Wheel {0} times,Покрути Колесо удачи {0} [раз|раз|раза],Missions
missionWinTournament,Beat {0} friends in a Tournament,Победи {0} [друзей|друга|друзей] в Турнире,Missions
tasks,TASKS,ЗАДАЧИ,Missions
tutorialChainLengthTip,"To build a long chain try to release characters of other colors as long as you can, leaving just characters of necessary color. Then release them all at once. You might find these super characters useful: Olga, Wally and Pin","Чтобы сделать длинную цепочку, старайся как можно дольше разгонять смешариков других цветов, оставляй только нужного цвета - после чего разгони всех за один раз. Так же тебе могут пригодиться супер смешарики Пин, Бараш и Совунья",Missions
tutorialChainSequenceTip,"To build a long chain try to release characters of other colors as long as you can, leaving just characters of necessary color. Then release them all at once. You might find these super characters useful: Olga, Wally, Pin. To complete the task prepare {0} long chains and then release each of them sequentially not being interrupted with short chains","Чтобы сделать длинную цепочку, старайся как можно дольше разгонять смешариков других цветов, оставляя только нужного цвета. Так же тебе могут пригодиться супер смешарики Пин, Совунья и Бараш. Для выполнения задания подготовь {0} длинных цепочек, а затем разгони их одну за другой, не отвлекаясь на короткие цепочки",Missions
tutorialGameSessionsTip,Complete game session {0} times. Number of completed games is available in your game profile - press the button with silhouette to access it,Закончи игровую сессию {0} [раз|раз|раза]. Количество законченных игр можно посмотреть в твоем игровом профиле - для этого нажми на кнопку с силуэтом человечка,Missions
tutorialGetCatsTip,"There are few ways to release characters: build a chain, detonate petards, use superabilities of Rosa, Pandy, Krash. The task considers all characters leaving the field due to those actions","Разогнать смешариков можно разными способами: строить цепочки, взрывать петарды, использовать суперспособности Панди, Нюши и Кроша. Все смешарики, покинувшие игровое поле при этих действиях, засчитываются",Missions
tutorialGetFeverTip,"When the scale located around the field is full the Disco mode starts. This means all candies and score points will be multiplied 3 times during next 7 seconds. The scale becomes full faster when you do longer chains more frequently. Next Disco is harder to run than previous. You might find these super characters useful: Rosa, Pandy, Krash","Когда заполняется вся шкала по периметру поля, включается режим Диско. Это значит, что в течение следующих 7 секунд все конфеты и очки будут утраиваться. Шкала наполняется быстрее, если ты делаешь цепочки длиннее и чаще. Каждое следующее Диско вызвать сложнее предыдущего. Так же тебе могут помочь суперкоты Панди, Нюша и Крош",Missions
tutorialGetGoldfishesTip,To gather candies faster try to release characters with candies in their paws firstly. Run Disco mode more frequently as during it the number of candies is three times higher. You might find these super characters useful: Dokko and Berry,"Чтобы быстрее собирать конфеты, старайся в первую очередь разгонять смешариков, которые держат их в лапах. Чаще вызывай режим Диско, ведь пока он активен количество собранных конфет утраивается. Так же тебе помогут супер смешарики Лосяш и Копатыч",Missions
tutorialGetLoopsTip,"Loop — is a chain of 6 or more characters, where start and end characters are located nearby. Such chains will give you three times more score points. You might find these super characters useful: Olga, Wally, Pin","Петля – это такая цепочка длиною 6 и больше, в которой первый и последний смешарики находятся рядом. За петлю-цепочку дают в три раза больше очков. Чаще делать петли помогут супер смешарики Панди, Нюша и Крош",Missions
tutorialGetMultiplierTip,"Multiplier is a flower in character's paws. As soon as you gather it, your score points will be multiplied by specified number till the end of the game. Until you gather current multiplier another one with bigger number won't become available. The longer chains you build the sooner next multiplier falls into the field. You might find these super characters useful: Olga, Wally, Pin","Множитель - это ромашка с цифрой в лапах смешарика. Как только ты возьмешь его, твои очки будут умножаться на указанное число все время до конца игры. Пока не будет собран предыдущий, более крупный множитель не выпадет. Чем длиннее цепочки ты делаешь, тем быстрее появится новый множитель. В этом деле тебе помогут супер смешарики Пин, Совунья и Бараш",Missions
tutorialGetScoreTip,"The longer chains you build the more score points you gain. Multipliers, disco-mode, loops and super characters Rosa, Pandy, Krash will also help you to earn more score points","Чем длиннее цепочки ты делаешь, тем больше очков получишь. Множители, диско-режим, петли и супер смешарики Панди, Нюша и Крош так же помогут заработать больше очков",Missions
tutorialGetScoreWithoutGingerTip,"The longer chains you build the more score points you gain. Multipliers, disco-mode, loops and super characters Rosa, Pandy, Krash will also help you to earn more score points. To get the task completed you should not build ginger chains!","Чем длиннее цепочки, тем больше очков они приносят. Множители, диско-режим, петли и супер смешарики Панди, Нюша и Крош так же помогут заработать больше очков. Чтобы задание считалось выполненным, в течение игры нельзя делать рыжие цепочки!",Missions
tutorialGetScoreWithoutLimeTip,"The longer chains you build the more score points you gain. Multipliers, disco-mode, loops and super characters Rosa, Pandy, Krash will also help you to earn more score points. To get the task completed you should not build pink chains!","Чем длиннее цепочки, тем больше очков они приносят. Множители, диско-режим, петли и супер смешарики Панди, Нюша и Крош так же помогут заработать больше очков. Чтобы задание считалось выполненным, в течение игры нельзя делать розовые цепочки!",Missions
tutorialGetScoreWithoutMultipliersTip,"The longer chains you build the more score points you gain. Multipliers, disco-mode, loops and super characters Rosa, Pandy, Krash will also help you to earn more score points. To get the task completed you should not touch characters with multiplier (x2 flower in the paws) during the game","Чем длиннее цепочки, тем больше очков они приносят. Диско-режим, петли и супер смешарики Панди, Нюша и Крош так же помогут заработать больше очков. Чтобы задание считалось выполненным, в течение игры нельзя активировать множители, т.е. трогать смешарика с ромашкой x2",Missions
tutorialInviteFriendsLogoutTip,"Connect your Facebook account to the game using ""Login"" button and invite {0} friends with the button ""Invite Friends"" on the tournament screen","Подключи свой аккаунт Facebook к игре, нажав на кнопку ""Войти"", и, используя кнопку ""Пригласить друзей"" на экране турнира, позови в игру {0} друзей",Missions
tutorialInviteFriendsTip,"Invite {0} friends into the game with the button ""Invite Friends"" on the tournament screen","Используя кнопку ""Пригласить друзей"" на экране турнира, позови в игру {0} друзей",Missions
tutorialLevelUpCatTip,Every time super character is used in the game his level grows up and his super power becomes stronger. To complete the task you should have at least one super character of {0} level in your collection,"Каждый раз, когда супер смешарик используется в игре, его уровень растет и его суперсила крепнет. Чтобы задание считалось выполненным, хотя бы один супер смешарик из твоей коллекции должен подняться до {0} уровня",Missions
tutorialLoopLengthTip,"Loop — is a chain of 6 or more characters, where start and end characters are located nearby. Such chains will give you three times more score points. To complete the task you should build a loop of at least {0} characters! You might find these super characters useful: Olga, Wally, Pin","Петля – это такая цепочка длиною 6 и больше, в которой первый и последний смешарики находятся рядом. За петлю-цепочку дают в три раза больше очков. Для выполнения задачи нужно построить петлю из {0} и более смешариков! Длинные петли помогут сделать супер смешарики Совунья, Бараш и Пин",Missions
tutorialUseBoostTip,Bonuses are suggested before a game session starts. To complete the task you should take {0} bonuses into the game. Bonuses are given as level up reward or can be taken for candies,"Бонусы предлагаются перед началом игры. Для выполнения задачи нужно взять в игру {0} бонусов. Бонусы дают в награду за повышение уровня, либо их можно получить за конфеты перед началом игры  ",Missions
tutorialUseCatsTip,"Choose super character from the list before the game starts, the character will take its place. Start to play. Release the characters of the same color the bar of super caracters's place has to get it filled up. When super character falls into play field tap on it. ","Выбери супер смешарика из списка перед началом игры, он займет свое место. Начни игру. Разгоняй смешариков того же цвета, что и шкала под супер смешариком, чтобы ее наполнить. Когда супер смешарик выпадет на игровое поле, нажми на него",Missions
tutorialUseFireworkBoomBigTip,"Big petard becomes available for the chain of 10 characters. To detonate a petard tap on it. Olga, Wally, Pin and Pandy super character can help you to build long chains","Большая петарда появляется, когда сделана цепочка из 10 смешариков. Чтобы петарду взорвать, на нее нужно нажать. Длинные цепочки тебе помогут сделать супер смешарики Совунья, Пин, Бараш и Панди",Missions
tutorialUseFireworkBoomSmallTip,"Small petard becomes available for the chain of 6 characters. To detonate a petard tap on it. Olga, Wally, Pin and Pandy super characters can help you to build long chains","Небольшая петарда появляется, когда сделана цепочка из 6 смешариков. Чтобы петарду взорвать, на нее нужно нажать. Длинные цепочки тебе помогут сделать супер смешарики Совунья, Пин, Бараш и Панди",Missions
tutorialUseFireworkColorTip,"Colourful petard becomes available for the chain of 12 characters. To detonate a petard tap on it. Olga, Wally, Pin and Pandy super characters can help you to build long chains","Цветная петарда появляется, когда сделана цепочка из 12 смешариков. Чтобы петарду взорвать, на нее нужно нажать. Длинные цепочки тебе помогут сделать смешарики Совунья, Пин, Бараш и Панди",Missions
tutorialUseFireworkRocketTip,"Rocket becomes available for the chain of 8 characters. To detonate a rocket tap on it. Olga, Wally, Pin and Pandy super characters can help you to build long chains","Ракета появляется, когда сделана цепочка из 8 смешариков. Чтобы ее взорвать, на нее нужно нажать. Длинные цепочки тебе помогут сделать супер смешарики Совунья, Пин, Бараш и Панди",Missions
tutorialUseFireworksAtOneGameTip,"To complete the task you should detonate {0} rockets or/and petards of any type. To detonate a petard tap on it. The easiest way - to detonate small petards as they become available for a chain of 6 characters.  Olga, Wally, Pin and Pandy super characters can help you to build long chains","Для выполнения задания нужно взорвать {0} любых петард и ракет в течение одной игры! Чтобы петарду взорвать, на нее нужно нажать. Проще всего взрывать небольшие петарды, ведь они появляется, когда сделана цепочка всего из 6 смешариков. Длинные цепочки тебе помогут сделать супер смешарики Совунья, Пин, Бараш и Панди",Missions
tutorialUseSausageTip,Run Lucky Wheel {0} times and the task will be completed. Lucky Wheel is available on championship screen. To run it you need carrots. You can get them as a level up reward or get a free one every 8 hours or purchase it anytime in the shop,"Запусти колесо удачи {0} раз и задача будет выполнена. Колесо удачи находится на экране с чемпионатом. Для запуска колеса нужны морковки, которые можно получить в награду за уровень, бесплатно раз в 8 часов, либо в любой момент купить в магазине",Missions
tutorialWinTournamentTip,"The tournament lasts 24 hours. When the time is up the results are summed up, the prizes are distributed between participants. Your friend having more than 0 score points during the tournament is considered as a participant. To complete the task you should have more score points than {0} of your friends-participants ","Tурнир длится сутки. По истечении этого времени подводятся итоги и распределяется награда среди участников. Участниками считаются твои друзья, набравшие очков больше 0 в течение этого турнира. Для выполнения задачи ты должен обойти по очкам {0} поучаствовавших друзей",Missions
unlockCatSlot,New slot for a super character,Новое место для супер смешарика,Missions
unlockChampionship,Championship is unlocked,Открыт доступ в Чемпионат,Missions
unlockFever,Disco mode is unlocked,Открыт Диско режим,Missions
unlockFireworkBoomBig,Big petard is unlocked,Открыта Большая петарда,Missions
unlockFireworkBoomSmall,Small petard is unlocked,Открыта Небольшая петарда,Missions
unlockFireworkColor,Colourful petard is unlocked,Открыта Цветная петарда,Missions
unlockFireworkRocket,Rocket is unlocked,Открыта Ракета,Missions
unlockGoldfishes,Candies is unlocked,Открыты Конфеты,Missions
unlockLuckyWheel,Lucky Wheel is unlocked,Открыто Колесо удачи,Missions
unlockMultiplier,x{0} multiplier is unlocked,Открыт множитель x{0},Missions
unlockTournament,Tournament is unlocked,Открыт доступ в Турнир,Missions
yourReward,Your reward,Твоя награда,Missions
invite,INVITE,ПОЗВАТЬ,Not Enough Goldfishes
notEnoughGoldfishesForBoosts,To play with the chosen boosters you need {0} candies,Для игры с выбранными бонусами тебе не хватает {0} конфет,Not Enough Goldfishes
notEnoughGoldfishesForCats,To play with the chosen super characters you need {0} candies,Для игры с выбранными супер смешариками тебе не хватает {0} конфет,Not Enough Goldfishes
playWithoutBoosts,"PLAY WITHOUT
BOOSTERS","ИГРАТЬ БЕЗ
БОНУСОВ",Not Enough Goldfishes
playWithoutSuperCats,"PLAY WITHOUT
SUPER CHARACTERS","ИГРАТЬ БЕЗ
СУПЕР СМЕШАРИКОВ",Not Enough Goldfishes
watch,WATCH,СМОТРЕТЬ,Not Enough Goldfishes
youCanBuyAquarium,You can buy the candy bag,Ты можешь приобрести пакет конфет,Not Enough Goldfishes
youCanInviteFriends,"Or invite NEW friends
to play together",Или пригласить НОВЫХ друзей играть вместе,Not Enough Goldfishes
youCanViewAd,"Or watch a short
video ad",Или посмотреть короткий видео ролик,Not Enough Goldfishes
notificationInvite,{0} invites you to play!,{0} зовет тебя играть!,Notifications
notificationNewSausageText,Try your luck! Win a cool prize!,Испытай удачу! Выиграй классный приз!,Notifications
notificationNewSausageTicker,Use the carrot! Try your luck!,Используй морковку! Испытай удачу!,Notifications
notificationNewSausageTitle,New carrot,Свежая морковка,Notifications
notificationTournamentEndText,Learn the results and take the prize!,Узнай результаты и забери награду!,Notifications
notificationTournamentEndTicker,Tournament is completed - learn the results and take the prize!,Турнир завершен - узнай результаты и забери награду!,Notifications
notificationTournamentEndTitle,Tournament is completed,Турнир завершен,Notifications
Chinese,CHINESE,КИТАЙСКИЙ,Options
English,ENGLISH,АНГЛИЙСКИЙ,Options
feedback,FEEDBACK,ОТЗЫВЫ,Options
help,HELP,ПОМОЩЬ,Options
language,LANGUAGE,ЯЗЫК,Options
mailBody,"Hello

My device: {0}, {1}, Screen {2}, RAM {3} MB, CPU {4}, GPU {5} {6} MB {7}

My profile: {8} (Device {9}, Facebook {10}, Game Center {11}, Google Games {12})

Game version: {13}

I would like to...","Здравствуйте

Мое устройство: {0}, {1}, Screen {2}, RAM {3} MB, CPU {4}, GPU {5} {6} MB {7}

Мой профиль: {8} (Device {9}, Facebook {10}, Game Center {11}, Google Games {12})

Версия игры: {13}

Я хотел бы...",Options
mailSubject,"SUPER KIKORIKI - Feedback - {0}
",Супер смешарики - Отзыв - {0},Options
music,MUSIC,МУЗЫКА,Options
notifications,NOTIFICATIONS,УВЕДОМЛЕНИЯ,Options
off,OFF,ВЫКЛ,Options
on,ON,ВКЛ,Options
profile,PROFILE,ПРОФИЛЬ,Options
Russian,RUSSIAN,РУССКИЙ,Options
sound,SOUND,ЗВУКИ,Options
version,Version {0},Версия {0},Options
voice,VOICE,ГОЛОС,Options
parentGateTitle,"ASK YOUR PARENTS
FOR AN ANSWER","ПОПРОСИ РОДИТЕЛЯ
ОТВЕТИТЬ НА ВОПРОС",Parent Gate
restart,RESTART,ЗАНОВО,Pause
resume,RESUME,ПРОДОЛЖИТЬ,Pause
cost,COST,ЦЕНА,Prerare
skip,SKIP,ПРОПУСТИТЬ,Prerare
start,START,СТАРТ,Prerare
catScared,Characters released,Разогнано смешариков,Profile
friendWins,Friends beaten,Побед над друзьями,Profile
gameEnds,Games completed,"Количество игр
",Profile
highscore,High score,Рекорд,Profile
nameNotSet,"No name set
",Имя не указано,Profile
apply,APPLY,ПРИМЕНИТЬ,Progress
ignore,IGNORE,ИГНОРИРОВАТЬ,Progress
progressCollection,"Collection
{0} / {1}","Коллекция
{0} / {1}",Progress
progressDescriptionFemale,Recently you have played on another device. Do you want to apply the game progress from that device or ignore it?,Недавно ты играла на другом устройстве. Перенести прогресс с него или игнорировать?,Progress
progressDescriptionMale,Recently you have played on another device. Do you want to apply the game progress from that device or ignore it?,Недавно ты играл на другом устройстве. Перенести прогресс с него или игнорировать?,Progress
progressDescriptionUnknown,Recently you have played on another device. Do you want to apply the game progress from that device or ignore it?,Недавно вы играли на другом устройстве. Перенести прогресс с него или игнорировать?,Progress
progressGoldfishes,"Candies
{0}","Конфеты
{0}",Progress
progressLevel,Level {0},Уровень {0},Progress
progressOther,Progress of ANOTHER device,Прогресс ДРУГОГО устройства,Progress
progressRecord,"High score
{0}","Рекорд
{0}",Progress
progressThis,Progress of THIS device,Прогресс ЭТОГО устройства,Progress
enterPromocode,INPUT PROMO CODE,ВВЕДИ ПРОМОКОД,Promocode
promocodeDescription,Where to find a promo code? Subscribe now to game's news and you won't miss any share!,Где найти промокод? Подпишись на новости игры и ты не пропустишь ни одной раздачи!,Promocode
promocodeInvalid,INVALID PROMO CODE,"ПРОМОКОД
НЕ ПОДХОДИТ",Promocode
promocodeValid,PROMO CODE ACCEPTED,ПРОМОКОД ПРИНЯТ,Promocode
interestedInYourFeedback,Super Kikoriki would be glad to know your feedback!,Смешарикам очень интересно твое мнение об игре!,Rate App
rateGame,RATE IN STORE,ПОСТАВИТЬ ОЦЕНКУ,Rate App
writeEmail,EMAIL TO AUTHORS,НАПИСАТЬ АВТОРАМ,Rate App
rentCat,{0} wants to meet you! This super character has already {1} level and will be with you during just one game,{0} хочет познакомиться! Этот супер смешарик уже {1} уровня и будет с тобой только одну игру,Rent Cat
rentCatBuy,"Have you liked to play
with this super character?
{0} of {1} level can
stay in your collection
for reasonable cost!","Понравилось играть
с этим супер смешариком?
{0} {1} уровня может остаться в твоей коллекции
за небольшое вознаграждение!",Rent Cat
earned,EARNED,СОБРАНО,Result
newHighScore,NEW HIGH SCORE,НОВЫЙ РЕКОРД,Result
next,NEXT,ДАЛЕЕ,Result
score,SCORE,ОЧКИ,Result
share,SHARE,РАССКАЗАТЬ,Result
adFree,"Having made any purchase, you won't see any ads!","Совершив любую покупку, ты больше не будешь видеть рекламу!",Shop
aquarium,CANDY BAG,ПАКЕТ КОНФЕТ,Shop
buy,BUY,КУПИТЬ,Shop
buyCatboxDone,"Congratulations!
It's {0}!","Поздравляем!
Это {0}!",Shop
buyCatboxPremiumDescription,"Magic bag with NEW super character inside
",Волшебная сумка с НОВЫМ супер смешариком,Shop
buyCatboxSimpleDescription,This is a bag with a random character inside,Это сумка со случайным супер смешариком,Shop
buyGoldfishesDescription,{0} candies! Your characters will be happy!,{0} конфет! Tвои смешарики будут довольны!,Shop
buyGoldfishesDone,"Great!
Candies are yours!","Отлично!
Конфеты твои!",Shop
buyHatsDescription,{0} xmas hats will help you to get unique super character earlier,{0} новогодних шапок помогут скорее получить уникального супер смешарика,Shop
buySausagesDescription,{0} carrots - all you need for a lucky game!,"{0} [морковок|морковка|морковки] - то, что нужно для азартной игры!",Shop
buySausagesDone,"Incredible!
Good luck to you!","Невероятно!
Удачи тебе!",Shop
buyValentinesDescription,{0} valentines will help you to get unique super character earlier,{0} валентинок помогут скорее получить уникального супер смешарика,Shop
catbox,KIKORIKI BAG,Сумка с супер смешариком,Shop
collect,COLLECT,ВЗЯТЬ,Shop
collectionFull,Your super character collection is complete - it is really cool!,Вся коллекция супер смешариков собрана! Поздравляем!,Shop
freeCaps,FREE,БЕСПЛАТНО,Shop
goldfishes,Candies,Конфеты,Shop
levelUpCat,"As you already have {0}, it will be upgraded to
the next level
","Так как {0} у тебя уже есть, он будет повышен до следующего уровня",Shop
luckyWheel,Lucky Wheel,Колесо удачи,Shop
moreSausages,MORE CARROTS,ЕЩЕ МОРКОВОК,Shop
newCat,NEW CHARACTER,НОВЫЙ СМЕШАРИК,Shop
open,OPEN,ОТКРЫТЬ,Shop
sale,HALF PRICE SALE,РАСПРОДАЖА,Shop
shopUnavalible,Shop is temporarily unavailable,"Магазин временно
не работает",Shop
shopUnavalibleFacebook,"Shop is not available yet for Facebook game version
","Магазин пока
не доступен
в Facebook версии",Shop
collectHeartsToGetCat,Collect 100 valentines and exchange them for a unique super character!,"Собери сто валентинок
и обменяй их на уникального супер смешарика!",St Valentine
collectHeartsToGetCatDone,Exchange valentines for a unique super character!,Обменяй валентинки на уникального супер смешарика!,St Valentine
happyStValentinDay,HAPPY VALENTINE'S DAY!,С ДНЕМ ВСЕХ ВЛЮБЛЕННЫХ!,St Valentine
moreHearts,BUY VALENTINES,КУПИТЬ ВАЛЕНТИНОК,St Valentine
placeLast,You have beaten no friends,"Ты не обошел
ни одного друга",Tournament
placeNotLast,"You have beaten {0} friends
and receive","Ты обошел {0} [друзей|друга|друзей]
и получаешь",Tournament
placeOnlyPlayer,Your friends have not participated,"Друзья не участвовали
в Турнире",Tournament
prizeFund,CANDY PRIZE,ПРИЗОВОЙ ФОНД,Tournament
retry,RETRY,ПОВТОРИТЬ,Tournament
timeLeft,TIME LEFT,ДО ЗАВЕРШЕНИЯ,Tournament
tournamentError,"Sorry, the Tournament is
temporarily unavailable","Извини, но Турнир
временно недоступен",Tournament
tournamentUpright,TOURNAMENT,ТУРНИР,Tournament
you,it's you,это ты,Tournament
completedUpright,COMPLETED,ЗАВЕРШЕН,Tutorial
tutorialBuyCatbox,You might gain new super characters as a level up reward. But If you don't want to wait you can always buy the Magic Bag in the shop!,Новых супер смешариков можно получить в награду за повышение уровня. Eсли ждать не хочется - в магазине можно купить Волшебную коробку!,Tutorial
tutorialBuySausages,If the carrots are over and you don't want to wait you can always buy them in the shop!,"Если морковки закончились, а ждать не хочется - в магазине ты всегда можешь купить еще!",Tutorial
tutorialBuySkipMission,"Can't complete the task? The more difficult a mission is, the more pleasant victory becomes! If you can't find a way to get it done - don't worry, we can skip it","Не получается выполнить задачу? Чем сложнее миссия, тем слаще победа! А если совсем никак - ничего страшного, мы можем ее пропустить ",Tutorial
tutorialCatBox,Touch the super character - it will take its place and help you during a play!,Нажми на супер смешарика - он сядет на свое место и поможет тебе в игре!,Tutorial
tutorialCatExperience,Every play with a super character improves its experience. When its experience line is full the super character becomes stronger!,"За каждую игру супер смешарик получает опыт. Набери достаточно опыта для повышения уровня, и твой супер смешарик станет круче!",Tutorial
tutorialCatGoldfishes,Your super characters adore sweets. Every time you want super characters to help give them few candies first,"Супер смешарики обожают сладкое, каждый раз их нужно задабривать конфетами",Tutorial
tutorialCatLevelUp,"Super characters's level has grown up, this means its ability has improved! But the super character will require more candies for its help","Уровень смешарика повысился, а значит, его суперсила выросла! Но и за работу теперь он будет просить больше конфет",Tutorial
tutorialCatUse,To summon a super character make all the bars on its place filled with color. The bars become filled up when you release the characters of the same color,"Чтобы призвать супер смешарика, заполни все деления на его месте. Деления заполняются, когда ты разгоняешь смешариков того же цвета",Tutorial
tutorialCatUseActivateBoom,Tap on super Rosa to make her release characters around. Explosion radius will grow up when the level increases,"Нажми на супер Нюшу, чтобы она взорвалась и разогнала смешариков вокруг. Радиус ее взрыва будет расти с увеличением уровня",Tutorial
tutorialCatUseActivateCap,"Tap on super Krash to make him speed up and release characters on its way. Now he is small, but he will grow up as soon as his level increases","Нажми на супер Кроша, чтобы он ускорился и разогнал смешариков на своем пути. Сейчас он очень маленький, но с увеличением уровня он заметно вырастет",Tutorial
tutorialCatUseActivateDisco,Tap on a super Berry to run Disco mode. The higher his level is the longer Disco time lasts,"Нажми на супер Копатыча, чтобы он запустил режим Диско. С ростом его уровня режим Диско будет длиться дольше",Tutorial
tutorialCatUseActivateFlint,,,Tutorial
tutorialCatUseActivateJoker,Include super Pin into any chain and he will give you additional score bonus. With him you can also combine the chains of two colors!,"Включи супер Пина в любую цепочку, и он принесет дополнительный бонус очков. С помощью этого смешарика ты сможешь связать цепочки двух разных цветов!",Tutorial
tutorialCatUseActivateKing,Tap on super Dokko and he will distribute few candies around. The higher his level is the more sweets will be distributed,"Нажми на супер Лосяша, чтобы он раздал несколько конфет. Чем выше будет его уровнь, тем больше сладостей он сможет раздать",Tutorial
tutorialCatUseActivateLady,Tap on super Wally and he will draw characters having the color of his clother at that moment. The higher his level is the more characters can be drawn.,"Нажми на супер Бараша, чтобы он привлек смешариков того цвета, какого была его одежда в этот момент. С ростом уровня он сможет притягивать больше смешариков",Tutorial
tutorialCatUseActivateLoki,Tap on super Pandy and she will spread petards. The higher her level is the more petards will be spread.,"Нажми на супер Панди, чтобы она разбросала петарды. Их количество будет расти вместе с увеличением уровня супер смешарика",Tutorial
tutorialCatUseActivateMage,Tap on super Olga to make her change the color of nearest characters to the color of her fan. The higher her level is the more characters can be recolored,"Нажми на супер Совунью, чтобы она изменила цвет ближайших смешариков на цвет ее веера. С ростом уровня она сможет перекрашивать больше смешариков",Tutorial
tutorialCatUseActivateSanta,,,Tutorial
tutorialCatUseActivateSnow,Tap on super Chiko and he will freeze the timer. The higher his level is the longer freeze time lasts,"Нажми на супер Ежика, чтобы он заморозил таймер. Длительность заморозки будет расти с увеличением уровня супер смешарика",Tutorial
tutorialCatUseActivateZen,Tap on super Carlin and he will add some time for the timer. Bonus time will become longer when Carlin's level is higher ,"Нажми на супер Карыча, чтобы он прибавил время к таймеру. Бонусное время будет расти с увеличением уровня супер смешарика",Tutorial
tutorialChampionship,This is an overall Championship. Set the highest record and become the best player!,Это всеобщий Чемпионат. Установи самый большой рекорд и стань лучшим!,Tutorial
tutorialCollection,This is your collection of super characters! Each of them has a unique ability. The more super characters the higher chance of victory!,Это твоя коллекция супер смешариков! Каждый из них имеет уникальную способность. Больше смешариков - больше шансов на победу!,Tutorial
tutorialCollectionLady,"This is a spring super character, you can catch him in February or find in the Magic bag anytime","Это весенний супер смешарик, его можно поймать в феврале или найти в Волшебной сумке",Tutorial
tutorialCollectionSanta,"This is a xmas super character, you can catch him in December or find in the Magic bag anytime","Это новогодний смешарик, его можно поймать в декабре или найти в Волшебной сумке",Tutorial
tutorialFever,Release characters as fast as you can to activate Disco mode. While Disco is active you gain triple amount of poins and candies,"Чтобы активировать Диско, разгоняй смешариков как можно быстрее. Во время Диско количество очков и конфет будет утраиваться",Tutorial
tutorialFireworkBoomBig,Build a chain of 10 or more characters to get a Big petard. Tap the petard to release surrounding characters,"Cделай цепочку длиною не менее 10, чтобы получить Большую петарду. Нажми на нее, и смешарики вокруг разбегутся",Tutorial
tutorialFireworkBoomSmall,Build a chain of 6 or more characters to get a Small petard. Tap the petard to release surrounding characters,"Cделай цепочку длиною не менее 6, чтобы получить Небольшую петарду. Нажми на нее, и смешарики вокруг разбегутся",Tutorial
tutorialFireworkColor,Build a chain of 12 or more characters to get a Colourful petard. Tap the petard to release characters of chosen color,"Cделай цепочку длиною не менее 12, чтобы получить Цветную петарду. Нажми на нее, и все смешарики выбранного цвета разбегутся",Tutorial
tutorialFireworkRocket,Build a chain of 8 or more characters to get a Rocket. Tap it to activate and the Rocket will release all characters in its path,"Cделай цепочку длиною не менее 8, чтобы получить Ракету. Нажми на нее, чтобы запустить, и она разгонит всех смешариков на своем пути",Tutorial
tutorialGameBasics,The essence of the game is simple! Connect at least three identical characters - they will scatter and you will score points,"Суть игры проста! Соедини как минимум трех одинаковых смешариков и они разбегутся, а ты заработаешь очки",Tutorial
tutorialGameClosedBox,This is a place for a super character. Achieve level {0} to use it,"Это место для супер смешарика. Достигни {0} уровня, чтобы использовать ее",Tutorial
tutorialGameCombo,"And just one more important thing! The longer the characters chain, the more points you gain!","Важный момент! Чем длиннее цепочка смешариков, тем больше очков ты получишь!",Tutorial
tutorialGameComboLoop,"To create a Loop close a chain of at least 6 characters, you score 3 times more points",Замкни цепочку длиною не менее 6 смешариков и получится петля - она дает в три раза больше очков,Tutorial
tutorialGoldfishes,These characters have candies! Collect them as many as possible - they come in handy!,У этих смешариков конфеты! Собирай их как можно больше - они тебе пригодятся,Tutorial
tutorialLeagueUp,Perfect! You have done good progress in Championship! As the reward for rise in a league your timer's time increases!,"Отлично, ты продвинулся в чемпионате! В награду за повышение лиги время твоего таймера увеличивается!",Tutorial
tutorialLogin,Connect to Facebook to make your picture and name visible in a leaderboard. Also this will allow your game progress to be safely stored and recovered if needed,"Подключи Facebook, чтобы твои аватарка и имя были видны в таблице рекордов. А еще это позволит надежно сохранить игровой прогресс и восстановить его, если потребуется",Tutorial
tutorialLuckyWheel,You have unlocked the Lucky Wheel! Treat Krash with the carrot and he'll win something for you!,"Ты открыл Колесо удачи! Угости Кроша морковкой, и он выиграет для тебя что-нибудь полезное!",Tutorial
tutorialMedals,Touch the medal and don't release your finger to get info on how to get this medal and its bonus,"Удерживай палец на медали, чтобы узнать, как ее получить, и какой бонус она дает",Tutorial
tutorialMissions,Complete all three tasks to level up and get a gift,"Выполни все три задания, чтобы повысить свой уровень и получить подарок",Tutorial
tutorialMultiplier,This is a character with a multiplier! Release the character and all the points you score within the rest time will be multiplied by 2,"Это смешарик с множителем! Прогони его, и все очки, которые ты заработаешь за оставшееся время, будут умножены на 2",Tutorial
tutorialMultiplierX5,Every next multiplier requires more afforts than previous one. Try to make long chains to get it faster!,"Каждый следующий множитель получить сложнее, чем предыдущий. Старайся делать длинные цепочки, чтобы получить его быстрее!",Tutorial
tutorialPrepareBox,These are surprise bags. Get to {0}th level to know what is inside!,"Это пакеты с сюрпризом. Получи {0} уровень и узнаешь, что в них!",Tutorial
tutorialTournament,This is the Tournament. Here you can compete with your friends and gain candies. More friends - more rewards!,Это Турнир. Здесь ты сможешь соревноваться с друзьями и выигрывать конфенты. Чем больше друзей участвует - тем больше приз,Tutorial
tutorialTournamentBetterResults,Improve your result to win more candies!,"Улучшай свой результат, чтобы выиграть больше конфет!",Tutorial
tutorialTournamentInviteToCompite,Invite your friends into the game to have opponents for a Tournament! More friends - more rewards!,"Пригласи друзей в игру, чтобы было с кем соревноваться! Чем больше друзей участвует - тем больше приз",Tutorial
tutorialTournamentInviteToMoreGoldfish,Invite more friends to increase the candy prize!,"Приглашай больше друзей, чтобы увеличить призовой фонд!",Tutorial
tutorialTournamentPrizeFund,"The more players participate in a Tournament, the higher award becomes. Invite your friends and gain more candies!","Чем больше участников, тем больше призовой фонд турнира. Приглашай друзей и выигрывай больше конфет!",Tutorial
tutorialTournamentTime,"When the time is up the results will be summed up, the prizes will be distributed and of course the new Tournament will begin!","Когда время закончится, будут подведены итоги, распределены призы, ну и, конечно, начнется новый Турнир!",Tutorial
tutorialVideoRewarded,"Please note - if you watch now a short video ad of another game, you will get {0} candies","Обрати внимание - если ты сейчас посмотришь короткую видео рекламу, то получишь в награду {0} конфет",Tutorial
